--
-- Script was generated by Devart dbForge Data Generator for SQL Server, Version 4.2.76.0
-- Product Home Page: http://www.devart.com/dbforge/sql/data-generator/
-- Script date 1/8/2020 12:20:40 AM
-- Target server version: 14.00.1000
-- Target connection string: Data Source=RINGO;Encrypt=False;Initial Catalog=ApartmentManagement;Integrated Security=True;User ID=RINGO\minhd
--



SET LANGUAGE 'English'
SET DATEFORMAT ymd
SET ARITHABORT, ANSI_PADDING, ANSI_WARNINGS, CONCAT_NULL_YIELDS_NULL, QUOTED_IDENTIFIER, ANSI_NULLS, NOCOUNT ON
SET NUMERIC_ROUNDABORT, IMPLICIT_TRANSACTIONS, XACT_ABORT OFF
GO

--
-- Backing up database ApartmentManagement
--
--
-- Create backup folder
--
IF OBJECT_ID('xp_create_subdir') IS NOT NULL
  EXEC xp_create_subdir N'D:\database\mssql\MSSQL14.MSSQLSERVER\MSSQL\Backup'
--
-- Backup database to the file with the name: <database_name>_<yyyy>_<mm>_<dd>_<hh>_<mi>.bak
--
DECLARE @db_name SYSNAME
SET @db_name = N'ApartmentManagement'

DECLARE @filepath NVARCHAR(4000)
SET @filepath =
/*define base part*/ N'D:\database\mssql\MSSQL14.MSSQLSERVER\MSSQL\Backup\' + @db_name + '_' +
/*append date*/ REPLACE(CONVERT(NVARCHAR(10), GETDATE(), 102), '.', '_') + '_' +
/*append time*/ REPLACE(CONVERT(NVARCHAR(5), GETDATE(), 108), ':', '_') + '.bak'

DECLARE @SQL NVARCHAR(MAX)
SET @SQL = 
    N'BACKUP DATABASE ' + QUOTENAME(@db_name) + ' TO DISK = @filepath WITH INIT' + 
      CASE WHEN EXISTS(
                SELECT value
                FROM sys.configurations
                WHERE name = 'backup compression default'
          )
        THEN ', COMPRESSION'
        ELSE ''
      END

EXEC sys.sp_executesql @SQL, N'@filepath NVARCHAR(4000)', @filepath = @filepath
GO

USE ApartmentManagement
GO

IF DB_NAME() <> N'ApartmentManagement' SET NOEXEC ON
GO
--
-- Delete data from the table 'dbo.TaskStaff'
--
TRUNCATE TABLE dbo.TaskStaff
GO
--
-- Delete data from the table 'dbo.StaffVacation'
--
TRUNCATE TABLE dbo.StaffVacation
GO
--
-- Delete data from the table 'dbo.Schedule'
--
TRUNCATE TABLE dbo.Schedule
GO
--
-- Delete data from the table 'dbo.LeaveRequest'
--
TRUNCATE TABLE dbo.LeaveRequest
GO
--
-- Delete data from the table 'dbo.Task'
--
DELETE dbo.Task
GO
--
-- Delete data from the table 'dbo.Staff'
--
DELETE dbo.Staff
GO
--
-- Delete data from the table 'dbo.Building'
--
DELETE dbo.Building
GO
--
-- Delete data from the table 'dbo.Department'
--
DELETE dbo.Department
GO
--
-- Delete data from the table 'dbo.Complex'
--
DELETE dbo.Complex
GO

--
-- Inserting data into table dbo.Complex
--
SET IDENTITY_INSERT dbo.Complex ON
GO
INSERT dbo.Complex(complexId, name, address, city, noBuildings, contactNumber) VALUES (1, N'Edmonds2029', N'750 NE Beachwood Loop, Equitable Building, Denver, CO, 31201', N'Wabash', 5, N'5685708272')
INSERT dbo.Complex(complexId, name, address, city, noBuildings, contactNumber) VALUES (2, N'Kruger3', N'995 Hidden Sharp Hill Rd, Penobscot Building, Montgomery, Alabama, 28496', N'Concord', 2, N'7180246790')
INSERT dbo.Complex(complexId, name, address, city, noBuildings, contactNumber) VALUES (3, N'Tanja943', N'90 E Hope St, Jefferson City, MO, 65809', N'Clayton', 2, N'3019996161')
INSERT dbo.Complex(complexId, name, address, city, noBuildings, contactNumber) VALUES (4, N'Luisa1960', N'3775 Market Avenue, Concord, NH, 92786', N'Scottdale', 3, N'4367505134')
INSERT dbo.Complex(complexId, name, address, city, noBuildings, contactNumber) VALUES (5, N'Hank939', N'2337 Church Lane, Superior Bldg, Augusta, Maine, 96301', N'Mount Horeb', 5, N'3912169493')
GO
SET IDENTITY_INSERT dbo.Complex OFF
GO

--
-- Inserting data into table dbo.Department
--
SET IDENTITY_INSERT dbo.Department ON
GO
INSERT dbo.Department(departmentId, name, managerId) VALUES (1, N'Executive', 1)
INSERT dbo.Department(departmentId, name, managerId) VALUES (2, N'Sales', 2)
INSERT dbo.Department(departmentId, name, managerId) VALUES (3, N'Information Technology', 3)
INSERT dbo.Department(departmentId, name, managerId) VALUES (4, N'Marketing', 4)
INSERT dbo.Department(departmentId, name, managerId) VALUES (5, N'Finance', 5)
INSERT dbo.Department(departmentId, name, managerId) VALUES (6, N'Manufacturing', 6)
INSERT dbo.Department(departmentId, name, managerId) VALUES (7, N'Facilities', 7)
INSERT dbo.Department(departmentId, name, managerId) VALUES (8, N'Research and Development', 8)
INSERT dbo.Department(departmentId, name, managerId) VALUES (9, N'Consulting', 9)
INSERT dbo.Department(departmentId, name, managerId) VALUES (10, N'Operations', 10)
GO
SET IDENTITY_INSERT dbo.Department OFF
GO

--
-- Inserting data into table dbo.Building
--
SET IDENTITY_INSERT dbo.Building ON
GO
INSERT dbo.Building(buildingId, complexId, noStaffs, noTenants, noApartments, availApartments) VALUES (1, 4, 432, 432, 622, 151)
INSERT dbo.Building(buildingId, complexId, noStaffs, noTenants, noApartments, availApartments) VALUES (2, 4, 101, 294, 1244, 19)
INSERT dbo.Building(buildingId, complexId, noStaffs, noTenants, noApartments, availApartments) VALUES (3, 1, 47, 1236, 1774, 165)
INSERT dbo.Building(buildingId, complexId, noStaffs, noTenants, noApartments, availApartments) VALUES (4, 2, 154, 1405, 1723, 126)
INSERT dbo.Building(buildingId, complexId, noStaffs, noTenants, noApartments, availApartments) VALUES (5, 3, 364, 840, 683, 99)
INSERT dbo.Building(buildingId, complexId, noStaffs, noTenants, noApartments, availApartments) VALUES (6, 4, 319, 504, 1520, 160)
INSERT dbo.Building(buildingId, complexId, noStaffs, noTenants, noApartments, availApartments) VALUES (7, 1, 378, 1242, 1209, 81)
INSERT dbo.Building(buildingId, complexId, noStaffs, noTenants, noApartments, availApartments) VALUES (8, 5, 464, 1310, 1911, 106)
INSERT dbo.Building(buildingId, complexId, noStaffs, noTenants, noApartments, availApartments) VALUES (9, 1, 63, 414, 260, 2)
INSERT dbo.Building(buildingId, complexId, noStaffs, noTenants, noApartments, availApartments) VALUES (10, 1, 258, 582, 1313, 83)
INSERT dbo.Building(buildingId, complexId, noStaffs, noTenants, noApartments, availApartments) VALUES (11, 3, 229, 895, 1716, 125)
INSERT dbo.Building(buildingId, complexId, noStaffs, noTenants, noApartments, availApartments) VALUES (12, 5, 4, 202, 836, 112)
INSERT dbo.Building(buildingId, complexId, noStaffs, noTenants, noApartments, availApartments) VALUES (13, 4, 434, 686, 339, 167)
INSERT dbo.Building(buildingId, complexId, noStaffs, noTenants, noApartments, availApartments) VALUES (14, 4, 0, 1417, 1502, 5)
INSERT dbo.Building(buildingId, complexId, noStaffs, noTenants, noApartments, availApartments) VALUES (15, 4, 471, 1397, 1126, 32)
INSERT dbo.Building(buildingId, complexId, noStaffs, noTenants, noApartments, availApartments) VALUES (16, 5, 412, 367, 389, 83)
INSERT dbo.Building(buildingId, complexId, noStaffs, noTenants, noApartments, availApartments) VALUES (17, 5, 308, 854, 298, 117)
INSERT dbo.Building(buildingId, complexId, noStaffs, noTenants, noApartments, availApartments) VALUES (18, 1, 152, 1897, 451, 15)
INSERT dbo.Building(buildingId, complexId, noStaffs, noTenants, noApartments, availApartments) VALUES (19, 1, 63, 538, 1172, 122)
INSERT dbo.Building(buildingId, complexId, noStaffs, noTenants, noApartments, availApartments) VALUES (20, 1, 8, 912, 1324, 174)
INSERT dbo.Building(buildingId, complexId, noStaffs, noTenants, noApartments, availApartments) VALUES (21, 4, 149, 1911, 472, 175)
INSERT dbo.Building(buildingId, complexId, noStaffs, noTenants, noApartments, availApartments) VALUES (22, 4, 252, 1737, 1543, 135)
INSERT dbo.Building(buildingId, complexId, noStaffs, noTenants, noApartments, availApartments) VALUES (23, 3, 153, 1479, 979, 94)
INSERT dbo.Building(buildingId, complexId, noStaffs, noTenants, noApartments, availApartments) VALUES (24, 5, 253, 312, 994, 61)
INSERT dbo.Building(buildingId, complexId, noStaffs, noTenants, noApartments, availApartments) VALUES (25, 5, 220, 1758, 1353, 184)
INSERT dbo.Building(buildingId, complexId, noStaffs, noTenants, noApartments, availApartments) VALUES (26, 3, 357, 1832, 1844, 115)
INSERT dbo.Building(buildingId, complexId, noStaffs, noTenants, noApartments, availApartments) VALUES (27, 4, 124, 434, 1836, 122)
INSERT dbo.Building(buildingId, complexId, noStaffs, noTenants, noApartments, availApartments) VALUES (28, 4, 474, 1935, 1362, 133)
INSERT dbo.Building(buildingId, complexId, noStaffs, noTenants, noApartments, availApartments) VALUES (29, 3, 38, 933, 1766, 107)
INSERT dbo.Building(buildingId, complexId, noStaffs, noTenants, noApartments, availApartments) VALUES (30, 2, 70, 1385, 949, 186)
GO
SET IDENTITY_INSERT dbo.Building OFF
GO

--
-- Inserting data into table dbo.Staff
--
SET IDENTITY_INSERT dbo.Staff ON
GO
INSERT dbo.Staff(staffId, departmentId, complexId, name, birthday, address, city, mobile, joinDate, leaveDate) VALUES (1, 8, 5, 'Abe3', '2010-01-02', N'443 Town Ct, Montgomery, Alabama, 23970', N'Abbeville', N'Q', '2005-01-02', '2012-11-16')
INSERT dbo.Staff(staffId, departmentId, complexId, name, birthday, address, city, mobile, joinDate, leaveDate) VALUES (2, 1, 2, 'Danna877', '2010-12-26', N'3949 White Hope Ct, 1st Floor, Nashville, TN, 80146', N'Hempstead', N'0V6MSUG9SM', '2012-03-15', NULL)
INSERT dbo.Staff(staffId, departmentId, complexId, name, birthday, address, city, mobile, joinDate, leaveDate) VALUES (3, 6, 3, 'Lynwood893', '2017-01-07', N'580 2nd Street, Keith Bldg, Harrisburg, Pennsylvania, 66911', N'Boiling Spring Lakes', N'F4068CI4K', '2010-10-01', NULL)
INSERT dbo.Staff(staffId, departmentId, complexId, name, birthday, address, city, mobile, joinDate, leaveDate) VALUES (4, 1, 1, 'Terry581', '2019-01-02', N'2490 Town Lane, Little Rock, Arkansas, 13366', N'Worland', N'5RFGT', '2015-12-09', NULL)
INSERT dbo.Staff(staffId, departmentId, complexId, name, birthday, address, city, mobile, joinDate, leaveDate) VALUES (5, 7, 2, 'Ackerman1983', '2013-08-07', N'1580 Cedar Tree Hwy, Jefferson City, MO, 19235', N'Alexandria', N'9', '2005-02-18', NULL)
INSERT dbo.Staff(staffId, departmentId, complexId, name, birthday, address, city, mobile, joinDate, leaveDate) VALUES (6, 6, 3, 'Augusta8', '2010-02-18', N'3777 North Hunting Hill Pkwy, Keith Building, Atlanta, GA, 72283', N'Hutchinson', N'49JXTKITK2', '2005-06-14', NULL)
INSERT dbo.Staff(staffId, departmentId, complexId, name, birthday, address, city, mobile, joinDate, leaveDate) VALUES (7, 10, 5, 'Flagg2018', '2020-06-14', N'93 Fox Hill Loop, Baton Rouge, Louisiana, 63618', N'Bentonville', N'A0', '2015-10-22', NULL)
INSERT dbo.Staff(staffId, departmentId, complexId, name, birthday, address, city, mobile, joinDate, leaveDate) VALUES (8, 10, 5, 'Boyle8', '2020-08-11', N'1373 Glenwood Road, Superior Building, Raleigh, North Carolina, 77893', N'Schuyler', N'NYI01869', '2017-06-28', NULL)
INSERT dbo.Staff(staffId, departmentId, complexId, name, birthday, address, city, mobile, joinDate, leaveDate) VALUES (9, 2, 1, 'Armand1971', '2015-06-04', N'1303 Flintwood Avenue, Montpelier, Vermont, 64961', N'Chickasaw', N'3', '2009-06-30', NULL)
INSERT dbo.Staff(staffId, departmentId, complexId, name, birthday, address, city, mobile, joinDate, leaveDate) VALUES (10, 2, 1, 'Sharice1966', '2015-06-08', N'612 Lake Blvd, 8th Floor, Trenton, New Jersey, 79480', N'Breaux Bridge', N'P', '2011-09-11', NULL)
INSERT dbo.Staff(staffId, departmentId, complexId, name, birthday, address, city, mobile, joinDate, leaveDate) VALUES (11, 10, 5, 'Abel379', '2012-01-18', N'632 Riverview Circle, Jackson, Mississippi, 19252', N'Bridgeview', N'O26L', '2006-05-22', NULL)
INSERT dbo.Staff(staffId, departmentId, complexId, name, birthday, address, city, mobile, joinDate, leaveDate) VALUES (12, 6, 5, 'Ariel2021', '2012-01-16', N'1718 Glenwood Lane, Frankfort, KY, 69159', N'Beaufort', N'2J', '2017-02-26', NULL)
INSERT dbo.Staff(staffId, departmentId, complexId, name, birthday, address, city, mobile, joinDate, leaveDate) VALUES (13, 6, 5, 'Antonia48', '2018-06-03', N'390 Hidden Riverside Ln, Juneau, AK, 82468', N'Highland', N'FM35P34RB0', '2019-02-16', NULL)
INSERT dbo.Staff(staffId, departmentId, complexId, name, birthday, address, city, mobile, joinDate, leaveDate) VALUES (14, 5, 2, 'Mathilda94', '2011-05-22', N'57 East Stonewood Lane, 3rd FL, Boston, Massachusetts, 41185', N'Clinton', N'002938ZJ', '2005-01-24', NULL)
INSERT dbo.Staff(staffId, departmentId, complexId, name, birthday, address, city, mobile, joinDate, leaveDate) VALUES (15, 7, 2, 'Lachelle2005', '2019-11-23', N'48 South Deepwood Circle, Oklahoma City, Oklahoma, 81532', N'Murray', N'OVO5', '2016-01-03', NULL)
INSERT dbo.Staff(staffId, departmentId, complexId, name, birthday, address, city, mobile, joinDate, leaveDate) VALUES (16, 3, 3, 'Elaine2009', '2019-02-18', N'651 East Riddle Hill Ct, Augusta, Maine, 08252', N'Alva', N'34UNZIC', '2005-03-25', NULL)
INSERT dbo.Staff(staffId, departmentId, complexId, name, birthday, address, city, mobile, joinDate, leaveDate) VALUES (17, 3, 4, 'Dan1998', '2013-04-27', N'85 Rose Hill Street, Carson City, Nevada, 92952', N'Grand Forks', N'9I', '2015-05-20', NULL)
INSERT dbo.Staff(staffId, departmentId, complexId, name, birthday, address, city, mobile, joinDate, leaveDate) VALUES (18, 8, 2, 'Sell1', '2020-12-15', N'837 Bayview Drive, Enquirer Building, Baton Rouge, LA, 76935', N'Culver City', N'OHZ', '2010-03-31', NULL)
INSERT dbo.Staff(staffId, departmentId, complexId, name, birthday, address, city, mobile, joinDate, leaveDate) VALUES (19, 8, 5, 'Wanetta518', '2020-05-10', N'3520 Rose Hill Street, Honolulu, Hawaii, 98635', N'Gettysburg', N'DKPU', '2016-06-30', NULL)
INSERT dbo.Staff(staffId, departmentId, complexId, name, birthday, address, city, mobile, joinDate, leaveDate) VALUES (20, 4, 4, 'Adolfo286', '2014-01-26', N'3120 Prospect Hill Court, Appartment 93, Hartford, Connecticut, 78356', N'Aberdeen', N'6', '2005-01-05', NULL)
INSERT dbo.Staff(staffId, departmentId, complexId, name, birthday, address, city, mobile, joinDate, leaveDate) VALUES (21, 6, 2, 'Bozeman7', '2010-10-25', N'2548 Rock Hill Drive, Macy''s Bldg, Richmond, Virginia, 90971', N'Abbeville', N'49H9T', '2005-01-02', NULL)
INSERT dbo.Staff(staffId, departmentId, complexId, name, birthday, address, city, mobile, joinDate, leaveDate) VALUES (22, 5, 3, 'Mccloud2023', '2014-09-06', N'3096 Rushwood Ln, Salt Lake City, UT, 35330', N'Lexington', N'B4RU0', '2012-10-14', NULL)
INSERT dbo.Staff(staffId, departmentId, complexId, name, birthday, address, city, mobile, joinDate, leaveDate) VALUES (23, 5, 3, 'Josiah1993', '2019-12-07', N'3082 Highland Loop, Buhl Bldg, Topeka, Kansas, 62564', N'Alpharetta', N'1ST5', '2005-03-14', NULL)
INSERT dbo.Staff(staffId, departmentId, complexId, name, birthday, address, city, mobile, joinDate, leaveDate) VALUES (24, 5, 3, 'Bennie1991', '2020-10-28', N'2338 W Rose Hill Hwy, Boise, ID, 36649', N'Reynoldsburg', N'1F', '2007-07-14', NULL)
INSERT dbo.Staff(staffId, departmentId, complexId, name, birthday, address, city, mobile, joinDate, leaveDate) VALUES (25, 10, 2, 'Abram2015', '2020-04-19', N'3313 Social Loop, Oklahoma City, OK, 92700', N'Fountain Valley', N'351U', '2009-09-15', NULL)
INSERT dbo.Staff(staffId, departmentId, complexId, name, birthday, address, city, mobile, joinDate, leaveDate) VALUES (26, 4, 5, 'Ramiro2015', '2020-05-21', N'60 Hazelwood Street, 3rd Floor, Cheyenne, WY, 64833', N'Edwardsville', N'X4', '2013-04-29', NULL)
INSERT dbo.Staff(staffId, departmentId, complexId, name, birthday, address, city, mobile, joinDate, leaveDate) VALUES (27, 6, 5, 'Zenia2009', '2010-03-25', N'90 White Church Way, Lincoln, Nebraska, 10863', N'Shawnee', N'1', '2006-12-02', NULL)
INSERT dbo.Staff(staffId, departmentId, complexId, name, birthday, address, city, mobile, joinDate, leaveDate) VALUES (28, 4, 5, 'Hendrick6', '2018-06-09', N'447 N Farmview Hwy, Phoenix, AZ, 10322', N'Lake in the Hills', N'7RF2', '2013-12-03', NULL)
INSERT dbo.Staff(staffId, departmentId, complexId, name, birthday, address, city, mobile, joinDate, leaveDate) VALUES (29, 8, 2, 'Stanton4', '2014-04-02', N'1214 Hidden Hope Ct, Victor Executive Bldg, Boise, Idaho, 69576', N'Osawatomie', N'J', '2005-12-15', NULL)
INSERT dbo.Staff(staffId, departmentId, complexId, name, birthday, address, city, mobile, joinDate, leaveDate) VALUES (30, 5, 1, 'Jude2017', '2020-07-10', N'12 Lake Street, Hartford, CT, 86825', N'Ocean City', N'2694', '2005-05-21', NULL)
INSERT dbo.Staff(staffId, departmentId, complexId, name, birthday, address, city, mobile, joinDate, leaveDate) VALUES (31, 10, 2, 'Kazuko2028', '2013-09-26', N'2376 SW Prospect Hill Blvd, Carson City, Nevada, 23495', N'Durham', N'E', '2005-03-29', NULL)
INSERT dbo.Staff(staffId, departmentId, complexId, name, birthday, address, city, mobile, joinDate, leaveDate) VALUES (32, 1, 4, 'Galen2001', '2010-01-05', N'3926 Hazelwood Parkway, First Security Bldg, Honolulu, HI, 68541', N'Canyon', N'853', '2015-10-11', NULL)
INSERT dbo.Staff(staffId, departmentId, complexId, name, birthday, address, city, mobile, joinDate, leaveDate) VALUES (33, 8, 4, 'Vannessa2024', '2019-10-15', N'1164 Rock Hill Ct, Saint Paul, Minnesota, 39679', N'Elk River', N'50B8B1DM', '2015-05-17', NULL)
INSERT dbo.Staff(staffId, departmentId, complexId, name, birthday, address, city, mobile, joinDate, leaveDate) VALUES (34, 8, 4, 'Nathaniel1976', '2010-01-02', N'3558 Edgewood Way, Des Moines, IA, 18078', N'Orrville', N'6CT5C', '2017-04-13', NULL)
INSERT dbo.Staff(staffId, departmentId, complexId, name, birthday, address, city, mobile, joinDate, leaveDate) VALUES (35, 6, 1, 'Rhiannon913', '2017-12-30', N'2172 Hidden Farmview Hwy, Equitable Building, Boise, ID, 46662', N'Aberdeen', N'84', '2005-01-08', NULL)
INSERT dbo.Staff(staffId, departmentId, complexId, name, birthday, address, city, mobile, joinDate, leaveDate) VALUES (36, 8, 4, 'Gaston1962', '2010-03-14', N'63 East Riddle Hill Pkwy, Lansing, MI, 42327', N'Jeffersonville', N'DVQHIS57Z5', '2014-12-25', NULL)
INSERT dbo.Staff(staffId, departmentId, complexId, name, birthday, address, city, mobile, joinDate, leaveDate) VALUES (37, 5, 4, 'Maggie1998', '2016-07-04', N'1370 Hidden Rose Hill Ave, Duke Energy Bldg, Harrisburg, PA, 65501', N'Millersville', N'F', '2016-11-03', NULL)
INSERT dbo.Staff(staffId, departmentId, complexId, name, birthday, address, city, mobile, joinDate, leaveDate) VALUES (38, 10, 5, 'Adam579', '2020-05-26', N'774 Brentwood Court, Boise, ID, 23775', N'Highwood', N'56E', '2010-01-12', NULL)
INSERT dbo.Staff(staffId, departmentId, complexId, name, birthday, address, city, mobile, joinDate, leaveDate) VALUES (39, 8, 1, 'Barry1980', '2015-03-08', N'524 Riverside Blvd, MidAmerican Building, Trenton, New Jersey, 69410', N'Mountain View', N'ND', '2014-08-15', NULL)
INSERT dbo.Staff(staffId, departmentId, complexId, name, birthday, address, city, mobile, joinDate, leaveDate) VALUES (40, 6, 2, 'Marilynn443', '2018-05-20', N'1849 Brentwood Rd, Bartlett Building, Olympia, Washington, 17336', N'Abilene', N'36ALFV3', '2005-01-10', NULL)
INSERT dbo.Staff(staffId, departmentId, complexId, name, birthday, address, city, mobile, joinDate, leaveDate) VALUES (41, 4, 4, 'Michael2016', '2020-10-09', N'11 Ashwood Highway, Hartford, CT, 63604', N'Junction City', N'5K04JTH18', '2012-06-19', NULL)
INSERT dbo.Staff(staffId, departmentId, complexId, name, birthday, address, city, mobile, joinDate, leaveDate) VALUES (42, 6, 1, 'Anibal1992', '2019-03-25', N'2740 West Bayview Ln, Equitable Building, Tallahassee, Florida, 21461', N'Baldwin', N'G1T', '2007-03-06', NULL)
INSERT dbo.Staff(staffId, departmentId, complexId, name, birthday, address, city, mobile, joinDate, leaveDate) VALUES (43, 2, 1, 'Claris2014', '2017-01-03', N'2985 Bayview Avenue, Honolulu, HI, 29439', N'Alexandria', N'KO4C42H', '2005-02-18', '2010-10-17')
INSERT dbo.Staff(staffId, departmentId, complexId, name, birthday, address, city, mobile, joinDate, leaveDate) VALUES (44, 3, 4, 'Isidra6', '2015-09-01', N'221 Rose Hill Highway, Sacramento, California, 78114', N'Forsyth', N'JF', '2007-06-04', NULL)
INSERT dbo.Staff(staffId, departmentId, complexId, name, birthday, address, city, mobile, joinDate, leaveDate) VALUES (45, 7, 4, 'Erwin125', '2020-11-23', N'3634 Oak Loop, Comcast Building, Little Rock, AR, 61202', N'Calumet City', N'RPJ', '2006-09-04', '2018-06-21')
INSERT dbo.Staff(staffId, departmentId, complexId, name, birthday, address, city, mobile, joinDate, leaveDate) VALUES (46, 8, 1, 'Laverne1955', '2015-11-26', N'3868 W Monument Hwy, Montpelier, VT, 35646', N'Yuba City', N'0', '2011-02-14', '2010-01-03')
INSERT dbo.Staff(staffId, departmentId, complexId, name, birthday, address, city, mobile, joinDate, leaveDate) VALUES (47, 5, 5, 'Arnold2002', '2014-11-23', N'400 Lake St, Nashville, TN, 09234', N'Fife', N'3C3', '2010-04-11', NULL)
INSERT dbo.Staff(staffId, departmentId, complexId, name, birthday, address, city, mobile, joinDate, leaveDate) VALUES (48, 4, 5, 'Lang362', '2019-07-22', N'2334 West Front Lane, Lincoln, NE, 40244', N'Fort Thomas', N'J5', '2006-05-24', NULL)
INSERT dbo.Staff(staffId, departmentId, complexId, name, birthday, address, city, mobile, joinDate, leaveDate) VALUES (49, 2, 1, 'Sanford1981', '2014-04-26', N'1089 West Quailwood Court, Denver, Colorado, 85669', N'Johnstown', N'05U65', '2017-01-02', NULL)
INSERT dbo.Staff(staffId, departmentId, complexId, name, birthday, address, city, mobile, joinDate, leaveDate) VALUES (50, 9, 1, 'Jerold231', '2019-04-10', N'450 Ski Hill Rd, Dover, DE, 84945', N'Odessa', N'9', '2014-11-18', NULL)
GO
SET IDENTITY_INSERT dbo.Staff OFF
GO

--
-- Inserting data into table dbo.Task
--
SET IDENTITY_INSERT dbo.Task ON
GO
INSERT dbo.Task(taskId, taskType, taskStatus, priority, complexId, buildingId, startDate, endDate, description, cost) VALUES (1, 3, 1, 5, 4, 8, '2012-10-18 02:00:31.170', '2003-06-11 09:29:08.050', N'Aperiam itaque voluptatem dolor molestiae voluptate veritatis.', 1962.3856)
INSERT dbo.Task(taskId, taskType, taskStatus, priority, complexId, buildingId, startDate, endDate, description, cost) VALUES (2, 8, 2, 5, 4, 2, '2017-05-27 07:50:08.400', '1970-11-13 18:06:22.370', N'Asperiores sunt cupiditate unde ab inventore eligendi.', 629.6747)
INSERT dbo.Task(taskId, taskType, taskStatus, priority, complexId, buildingId, startDate, endDate, description, cost) VALUES (3, 1, 4, 0, 4, 7, '2005-02-24 19:39:20.450', '1989-10-16 08:34:48.360', N'Et temporibus aperiam. Culpa ullam temporibus? Nesciunt veniam nulla. Voluptates mollitia animi. Ipsum aliquam ex. Tempora eum et. Aut perferendis vitae.', 1286.7147)
INSERT dbo.Task(taskId, taskType, taskStatus, priority, complexId, buildingId, startDate, endDate, description, cost) VALUES (4, 5, 3, 5, 3, 1, '2007-02-17 08:51:16.660', '1999-05-15 12:18:56.260', N'Sint est beatae. Voluptas vel quo! Libero provident fugiat. Unde blanditiis fugiat? Fugit nihil dignissimos. Ratione voluptas minima. Sed aut est. Provident.', 1950.9988)
INSERT dbo.Task(taskId, taskType, taskStatus, priority, complexId, buildingId, startDate, endDate, description, cost) VALUES (5, 3, 4, 1, 3, 13, '2012-09-13 05:20:31.450', '1971-11-11 03:52:09.500', N'Velit quos ducimus molestias. In deserunt sed. Expedita unde quisquam modi consequatur et veritatis. Neque tempore sed. Beatae possimus fugit.', 1660.625)
INSERT dbo.Task(taskId, taskType, taskStatus, priority, complexId, buildingId, startDate, endDate, description, cost) VALUES (6, 9, 2, 2, 5, 17, '2005-02-04 04:38:27.020', '1990-09-01 19:12:52.070', N'Iusto sed deleniti. Rerum odio iusto! Asperiores rerum quis; harum ut omnis. Temporibus necessitatibus ut! Et libero quaerat. Sit velit fugiat.', 932.2096)
INSERT dbo.Task(taskId, taskType, taskStatus, priority, complexId, buildingId, startDate, endDate, description, cost) VALUES (7, 6, 2, 4, 4, 3, '2017-06-21 14:02:51.080', '1971-07-06 01:45:31.650', N'Iure autem deleniti. Eum aliquam doloribus? Ea tenetur consequatur. Fugit error necessitatibus! Sapiente sint repellendus. Modi quis voluptatem. Eos saepe.', 720.9149)
INSERT dbo.Task(taskId, taskType, taskStatus, priority, complexId, buildingId, startDate, endDate, description, cost) VALUES (8, 8, 4, 3, 1, 7, '2005-10-06 16:29:55.080', '1990-10-19 14:18:27.510', N'Sunt et est nobis eligendi illo fuga. Est at eligendi vel reprehenderit omnis accusantium.', 1425.9687)
INSERT dbo.Task(taskId, taskType, taskStatus, priority, complexId, buildingId, startDate, endDate, description, cost) VALUES (9, 8, 3, 7, 2, 1, '2012-01-08 14:30:13.800', '1970-02-20 10:19:14.000', N'Et rem quia sed nemo suscipit enim. Dolorem ut optio aliquid fugit est ipsa.', 723.547)
INSERT dbo.Task(taskId, taskType, taskStatus, priority, complexId, buildingId, startDate, endDate, description, cost) VALUES (10, 3, 0, 5, 1, 12, '2014-08-14 05:39:02.400', '1980-03-07 11:54:23.690', N'Et eaque nemo. Deleniti est aut. Ut et quis. Doloremque adipisci deserunt! Soluta aut sint. Consequuntur enim porro. Facilis consequuntur qui. Qui tempora;', 1203.5847)
INSERT dbo.Task(taskId, taskType, taskStatus, priority, complexId, buildingId, startDate, endDate, description, cost) VALUES (11, 8, 1, 1, 2, 1, '2018-11-17 09:38:36.040', '1990-07-17 09:30:31.970', N'Sint quis enim. Mollitia vero repudiandae. Minus enim unde! Et reprehenderit incidunt. Facere aliquam laborum. Aliquid sit et. Provident tenetur dolores...', 1956.3486)
INSERT dbo.Task(taskId, taskType, taskStatus, priority, complexId, buildingId, startDate, endDate, description, cost) VALUES (12, 4, 0, 3, 1, 8, '2008-03-22 10:15:51.080', '2006-10-03 13:34:43.730', N'Aspernatur sed exercitationem voluptas rerum qui quam.', 1221.7117)
INSERT dbo.Task(taskId, taskType, taskStatus, priority, complexId, buildingId, startDate, endDate, description, cost) VALUES (13, 4, 1, 2, 3, 15, '2012-08-25 10:50:42.570', '2010-04-04 21:37:51.470', N'Deserunt voluptatem dolorum; iusto sit accusantium. Dolorem ut natus! Omnis ipsam cum. Fugiat et veritatis. Magnam alias quia! Eius sed necessitatibus.', 1982.9396)
INSERT dbo.Task(taskId, taskType, taskStatus, priority, complexId, buildingId, startDate, endDate, description, cost) VALUES (14, 3, 2, 3, 4, 19, '2011-02-16 11:43:42.560', '1982-02-09 21:27:27.130', N'Non ea voluptatem. Inventore pariatur possimus! Cupiditate neque ex. Adipisci ullam dolor! Laboriosam dolorum consequatur; deserunt doloremque et. Ipsum quas.', 293.3564)
INSERT dbo.Task(taskId, taskType, taskStatus, priority, complexId, buildingId, startDate, endDate, description, cost) VALUES (15, 5, 2, 3, 5, 29, '2007-05-23 15:55:15.600', '2005-08-22 11:16:33.300', N'Omnis dolor voluptatibus. Autem neque alias. Illum tempora sed! Id natus consequatur. Ea quod maxime! Quia rerum error. Natus autem rerum.', 1110.577)
INSERT dbo.Task(taskId, taskType, taskStatus, priority, complexId, buildingId, startDate, endDate, description, cost) VALUES (16, 9, 2, 9, 3, 20, '2010-07-04 19:42:44.870', '1976-03-17 22:59:59.050', N'Consectetur eos rerum praesentium. Dicta est aliquam molestiae dignissimos et natus. Sed qui nisi quasi aut ullam molestiae.', 558.1204)
INSERT dbo.Task(taskId, taskType, taskStatus, priority, complexId, buildingId, startDate, endDate, description, cost) VALUES (17, 9, 4, 2, 5, 22, '2010-05-06 17:54:07.040', '2015-08-25 05:01:14.930', N'Tenetur nobis ea explicabo id ducimus quam. Error doloribus id quia autem sed magni...', 355.8489)
INSERT dbo.Task(taskId, taskType, taskStatus, priority, complexId, buildingId, startDate, endDate, description, cost) VALUES (18, 4, 4, 9, 4, 2, '2006-09-21 20:09:27.230', '1999-12-17 00:04:02.750', N'Non nostrum enim; facere vitae est nisi odio voluptas aut. Esse ut quia et unde omnis fugit.', 507.4972)
INSERT dbo.Task(taskId, taskType, taskStatus, priority, complexId, buildingId, startDate, endDate, description, cost) VALUES (19, 4, 4, 5, 2, 1, '2006-04-12 02:24:21.200', '2004-11-18 12:32:44.180', N'Perspiciatis suscipit unde. Reprehenderit omnis quibusdam. Provident iste odit. Et similique eos. Autem error a! Error nisi non; consequatur voluptatem et.', 1342.0364)
INSERT dbo.Task(taskId, taskType, taskStatus, priority, complexId, buildingId, startDate, endDate, description, cost) VALUES (20, 6, 2, 5, 3, 17, '2006-11-07 06:03:36.550', '1998-08-15 23:28:22.600', N'Ullam maiores sit. Corporis nihil id qui ex quo sapiente! Dolores officiis possimus aut est consectetur in.', 1725.5834)
INSERT dbo.Task(taskId, taskType, taskStatus, priority, complexId, buildingId, startDate, endDate, description, cost) VALUES (21, 2, 0, 4, 5, 17, '2012-05-31 21:46:48.290', '1996-12-27 21:23:42.210', N'Odit commodi expedita. Sint unde minima! Quae nihil reprehenderit. Repellat est eaque. In quas quo. Voluptatem omnis cupiditate. Voluptas voluptate et!', 374.8879)
INSERT dbo.Task(taskId, taskType, taskStatus, priority, complexId, buildingId, startDate, endDate, description, cost) VALUES (22, 8, 4, 7, 4, 14, '2019-11-19 10:42:42.470', '1971-08-12 03:44:28.530', N'Quis et consequatur. Inventore voluptates quod. Dolor quis minus! Illo quis et. Aut veniam est. Iste possimus quia; numquam voluptatem qui. Nihil doloremque!', 950.13)
INSERT dbo.Task(taskId, taskType, taskStatus, priority, complexId, buildingId, startDate, endDate, description, cost) VALUES (23, 10, 0, 8, 1, 16, '2010-10-22 12:05:38.940', '2005-07-25 21:02:22.190', N'Et vitae perspiciatis. Et sit quaerat? Est officia sunt ea quasi est! Tempora fugit et. Alias voluptatem ut. Enim assumenda quis.', 1470.2271)
INSERT dbo.Task(taskId, taskType, taskStatus, priority, complexId, buildingId, startDate, endDate, description, cost) VALUES (24, 4, 1, 8, 1, 4, '2006-12-21 10:27:09.310', NULL, N'Harum perferendis eius sit ut eum dolore. Impedit saepe obcaecati. Nam voluptas eaque est voluptatem! Qui officiis unde. Eum quam officia!', 753.2554)
INSERT dbo.Task(taskId, taskType, taskStatus, priority, complexId, buildingId, startDate, endDate, description, cost) VALUES (25, 9, 0, 3, 2, 4, '2006-05-27 17:09:11.090', '1990-02-10 17:07:18.690', N'Autem quam repellat. Magnam officiis et. Amet sed pariatur! Nobis qui quidem. Est alias quod. Sint commodi sit; rerum enim quas.', 368.6584)
INSERT dbo.Task(taskId, taskType, taskStatus, priority, complexId, buildingId, startDate, endDate, description, cost) VALUES (26, 7, 2, 0, 3, 4, '2017-07-05 00:49:42.970', '1986-06-12 13:15:35.020', N'Expedita totam omnis. Libero eaque aperiam. Suscipit omnis qui! Amet tenetur incidunt. Natus consectetur tenetur. Sit quas perspiciatis. Quo quia sed. Ipsa.', 1927.7424)
INSERT dbo.Task(taskId, taskType, taskStatus, priority, complexId, buildingId, startDate, endDate, description, cost) VALUES (27, 6, 3, 4, 1, 21, '2006-02-25 03:33:29.920', '1986-12-23 07:38:49.750', N'Facilis voluptatum quasi error sed. Et commodi minima error aut delectus? Quia sint error rerum dolorem minus. Voluptatem nesciunt repudiandae.', 1149.1638)
INSERT dbo.Task(taskId, taskType, taskStatus, priority, complexId, buildingId, startDate, endDate, description, cost) VALUES (28, 8, 1, 3, 4, 26, '2014-04-06 20:50:49.080', '1986-08-15 06:55:47.850', N'Voluptatem aperiam voluptatum est ea. Quisquam eos et impedit. Dolores labore ut optio minima culpa; aperiam delectus eum. Nihil ipsam ut.', 1686.7502)
INSERT dbo.Task(taskId, taskType, taskStatus, priority, complexId, buildingId, startDate, endDate, description, cost) VALUES (29, 10, 2, 4, 4, 11, '2013-03-04 21:47:58.780', '1974-01-30 17:25:51.790', N'Error dolores iure perspiciatis ut et. Ut quia rem laborum neque. Sit praesentium maiores. Est modi architecto minima ea! Illo voluptatem nam.', 649.7074)
INSERT dbo.Task(taskId, taskType, taskStatus, priority, complexId, buildingId, startDate, endDate, description, cost) VALUES (30, 4, 4, 1, 3, 11, '2012-08-07 18:55:00.370', NULL, N'Voluptatem fugiat autem. Velit incidunt non; consectetur quia eius. Perspiciatis saepe natus. Quia quis voluptatem. Esse non unde. Perspiciatis est veniam.', 912.5237)
INSERT dbo.Task(taskId, taskType, taskStatus, priority, complexId, buildingId, startDate, endDate, description, cost) VALUES (31, 4, 3, 7, 2, 13, '2014-12-25 04:33:32.480', '1992-08-20 10:25:58.100', N'Voluptate magnam nemo; quia rerum et; itaque temporibus error. Nam voluptatem maiores? Cumque iste ut. Omnis corrupti id. Molestias tempora voluptatem.', 461.0873)
INSERT dbo.Task(taskId, taskType, taskStatus, priority, complexId, buildingId, startDate, endDate, description, cost) VALUES (32, 5, 3, 8, 2, 22, '2014-05-12 07:12:47.710', '2014-07-05 15:06:28.750', N'In consequuntur ut. Velit quasi optio. Vitae quas error. Nemo ut unde! Placeat odio sit. Quas saepe eos! Est sequi non. Sed ipsa ut; sint natus iste. Aut est.', 133.2393)
INSERT dbo.Task(taskId, taskType, taskStatus, priority, complexId, buildingId, startDate, endDate, description, cost) VALUES (33, 1, 3, 8, 5, 19, '2019-08-30 10:11:02.300', '2019-11-23 17:56:03.790', N'Neque quam sit in adipisci. Porro omnis ut exercitationem omnis! Ex consequuntur et perferendis et sit libero. Alias aut veniam quas.', 1024.0888)
INSERT dbo.Task(taskId, taskType, taskStatus, priority, complexId, buildingId, startDate, endDate, description, cost) VALUES (34, 3, 4, 0, 4, 30, '2014-10-22 23:14:33.050', '1982-09-08 09:01:37.340', N'Voluptatibus non quam minima recusandae rem velit. Et voluptas amet delectus ipsam quos. Sit vero molestiae laudantium? Id omnis at quidem.', 219.7412)
INSERT dbo.Task(taskId, taskType, taskStatus, priority, complexId, buildingId, startDate, endDate, description, cost) VALUES (35, 7, 4, 6, 1, 20, '2014-11-28 12:37:15.510', '1980-02-24 09:59:23.380', N'Error fugit eaque beatae ducimus laboriosam accusantium. Reprehenderit atque est sed aliquid in sequi.', 1287.1946)
INSERT dbo.Task(taskId, taskType, taskStatus, priority, complexId, buildingId, startDate, endDate, description, cost) VALUES (36, 4, 1, 5, 5, 18, '2005-01-01 05:36:18.290', '2000-12-11 19:14:01.800', N'Illo quia inventore eaque consequatur dolores autem.', 1562.7741)
INSERT dbo.Task(taskId, taskType, taskStatus, priority, complexId, buildingId, startDate, endDate, description, cost) VALUES (37, 8, 0, 4, 5, 6, '2007-09-28 18:02:15.820', '1971-05-16 17:04:30.610', N'Exercitationem facere autem ullam. Quia aut sed nemo omnis unde! Eum non at. Deleniti sint non! Recusandae id at. Quis corporis libero...', 495.9498)
INSERT dbo.Task(taskId, taskType, taskStatus, priority, complexId, buildingId, startDate, endDate, description, cost) VALUES (38, 2, 0, 9, 1, 4, '2009-11-13 15:32:19.380', '1993-10-04 13:21:48.470', N'Sunt ad sunt doloremque. Velit mollitia tempore sint quasi non! Reiciendis qui quibusdam. Sed aliquam magnam voluptatibus dolor culpa placeat!', 1635.2958)
INSERT dbo.Task(taskId, taskType, taskStatus, priority, complexId, buildingId, startDate, endDate, description, cost) VALUES (39, 1, 0, 7, 1, 27, '2005-03-03 20:58:45.900', '1994-06-23 12:04:21.680', N'Error dicta perspiciatis expedita sunt voluptas voluptatem; magni facere eius exercitationem error obcaecati veniam...', 804.6319)
INSERT dbo.Task(taskId, taskType, taskStatus, priority, complexId, buildingId, startDate, endDate, description, cost) VALUES (40, 5, 0, 9, 1, 26, '2014-01-14 03:51:26.900', '1981-07-03 18:44:49.690', N'Et eaque inventore repudiandae illum aliquid harum. Itaque aliquam eligendi sed natus reiciendis vel!', 1384.2685)
INSERT dbo.Task(taskId, taskType, taskStatus, priority, complexId, buildingId, startDate, endDate, description, cost) VALUES (41, 3, 2, 0, 1, 28, '2009-03-08 23:05:29.770', '2019-10-16 18:41:46.750', N'Explicabo quidem numquam iste cum. Rerum aut illum quae blanditiis. Velit natus et inventore aut est consequuntur.', 617.1812)
INSERT dbo.Task(taskId, taskType, taskStatus, priority, complexId, buildingId, startDate, endDate, description, cost) VALUES (42, 2, 4, 9, 2, 28, '2008-06-15 17:00:06.920', '2006-08-28 00:49:38.270', N'Autem sed non maxime eveniet cupiditate sint.', 855.4968)
INSERT dbo.Task(taskId, taskType, taskStatus, priority, complexId, buildingId, startDate, endDate, description, cost) VALUES (43, 6, 1, 3, 4, 23, '2009-10-20 11:11:59.900', '1998-05-25 14:45:27.580', N'Modi aut sit. Nesciunt et quidem qui culpa excepturi libero. Iste dicta quas nemo omnis distinctio in.', 274.8316)
INSERT dbo.Task(taskId, taskType, taskStatus, priority, complexId, buildingId, startDate, endDate, description, cost) VALUES (44, 9, 0, 9, 5, 14, '2013-09-27 12:52:52.090', '2005-07-21 02:24:47.070', N'Deleniti ut perspiciatis. Provident eaque alias. Non aliquid doloribus! Nulla dolor ab. Quibusdam accusamus molestias? Autem velit molestiae; quae dolorum.', 606.8496)
INSERT dbo.Task(taskId, taskType, taskStatus, priority, complexId, buildingId, startDate, endDate, description, cost) VALUES (45, 6, 2, 2, 3, 26, '2013-03-10 18:09:46.330', '1975-11-13 12:41:08.330', N'Recusandae reiciendis iste quaerat qui delectus sed.', 1380.7593)
INSERT dbo.Task(taskId, taskType, taskStatus, priority, complexId, buildingId, startDate, endDate, description, cost) VALUES (46, 8, 1, 1, 5, 19, '2009-03-27 20:56:19.080', '1971-01-08 01:52:27.630', N'Ratione consectetur architecto. Et consequatur sapiente. Voluptates atque alias? Consequatur quia perferendis. Perspiciatis eos aspernatur; veritatis.', 1326.404)
INSERT dbo.Task(taskId, taskType, taskStatus, priority, complexId, buildingId, startDate, endDate, description, cost) VALUES (47, 3, 4, 6, 2, 1, '2016-10-21 17:37:47.100', '1986-05-26 13:24:20.640', N'Eos quia tempora deleniti optio delectus qui.', 980.9528)
INSERT dbo.Task(taskId, taskType, taskStatus, priority, complexId, buildingId, startDate, endDate, description, cost) VALUES (48, 2, 4, 1, 4, 30, '2010-03-11 05:04:24.030', NULL, N'Quis cupiditate voluptatem sit ut quia sit. Perspiciatis eos voluptate ullam sint harum nostrum! Minus molestiae sit. Nihil illum vitae.', 626.3919)
INSERT dbo.Task(taskId, taskType, taskStatus, priority, complexId, buildingId, startDate, endDate, description, cost) VALUES (49, 10, 0, 2, 2, 28, '2010-04-06 18:21:48.340', '1981-08-28 02:30:38.600', N'Aut est ut. Ipsum numquam facilis. Aut ex quis! Nisi a repellendus. Nostrum dolores aliquid! Obcaecati unde dignissimos. Libero ut vel.', 375.9696)
INSERT dbo.Task(taskId, taskType, taskStatus, priority, complexId, buildingId, startDate, endDate, description, cost) VALUES (50, 8, 3, 1, 5, 3, '2009-11-16 03:09:04.670', '1987-01-07 07:50:49.100', N'Rerum voluptatum voluptas fugiat accusantium qui. Perferendis et perspiciatis! Fugiat atque consequatur. Omnis numquam natus! Iste dolor rem. Ducimus.', 641.8255)
GO
SET IDENTITY_INSERT dbo.Task OFF
GO

--
-- Inserting data into table dbo.LeaveRequest
--
INSERT dbo.LeaveRequest(leaveRequestId, staffId, leaveDate, type, confirmStatus, leaveReason) VALUES (1, 46, '2016-07-11', 5, 1, 'K18TQ71R127Y96A0CED6HJAJ5')
INSERT dbo.LeaveRequest(leaveRequestId, staffId, leaveDate, type, confirmStatus, leaveReason) VALUES (2, 44, '2019-05-04', 2, 2, '3')
INSERT dbo.LeaveRequest(leaveRequestId, staffId, leaveDate, type, confirmStatus, leaveReason) VALUES (3, 26, '2014-02-11', 4, 0, 'R4K560IO17I9QA77PD56R3IKV7PC6AW')
INSERT dbo.LeaveRequest(leaveRequestId, staffId, leaveDate, type, confirmStatus, leaveReason) VALUES (4, 33, '2014-09-28', 3, 2, '4J')
INSERT dbo.LeaveRequest(leaveRequestId, staffId, leaveDate, type, confirmStatus, leaveReason) VALUES (5, 28, '2005-04-12', 2, 0, 'TZ76061823453S5MU64S1LO2MO7P28012866TRI74EG96772J')
INSERT dbo.LeaveRequest(leaveRequestId, staffId, leaveDate, type, confirmStatus, leaveReason) VALUES (6, 5, '2009-12-07', 2, 2, '6087V19')
INSERT dbo.LeaveRequest(leaveRequestId, staffId, leaveDate, type, confirmStatus, leaveReason) VALUES (7, 23, '2006-07-21', 3, 1, '8NVK840093RGXX93QS970Z203H6WTPIE734RZ9E94J4G26SAW')
INSERT dbo.LeaveRequest(leaveRequestId, staffId, leaveDate, type, confirmStatus, leaveReason) VALUES (8, 35, '2007-07-04', 4, 1, '51D256LF2G6')
INSERT dbo.LeaveRequest(leaveRequestId, staffId, leaveDate, type, confirmStatus, leaveReason) VALUES (9, 46, '2014-05-14', 4, 1, '75R1S86NKL6I')
INSERT dbo.LeaveRequest(leaveRequestId, staffId, leaveDate, type, confirmStatus, leaveReason) VALUES (10, 32, '2014-03-02', 2, 2, 'XWA2P')
INSERT dbo.LeaveRequest(leaveRequestId, staffId, leaveDate, type, confirmStatus, leaveReason) VALUES (11, 39, '2011-05-19', 5, 0, 'L')
INSERT dbo.LeaveRequest(leaveRequestId, staffId, leaveDate, type, confirmStatus, leaveReason) VALUES (12, 13, '2005-01-31', 2, 2, 'F66LLF095HJ739Y7BLOMZ8WBDY5961LASSGZH')
INSERT dbo.LeaveRequest(leaveRequestId, staffId, leaveDate, type, confirmStatus, leaveReason) VALUES (13, 8, '2009-09-14', 5, 2, 'EPR0B02NK5DA43H362T5STBBW3ACS507ZB3UQUXGM80D0SSXMW1HGO')
INSERT dbo.LeaveRequest(leaveRequestId, staffId, leaveDate, type, confirmStatus, leaveReason) VALUES (14, 28, '2018-09-30', 4, 2, 'U16057UK8AA25')
INSERT dbo.LeaveRequest(leaveRequestId, staffId, leaveDate, type, confirmStatus, leaveReason) VALUES (15, 7, '2005-01-14', 2, 1, '283BS4OQ6P')
INSERT dbo.LeaveRequest(leaveRequestId, staffId, leaveDate, type, confirmStatus, leaveReason) VALUES (16, 23, '2014-07-19', 3, 0, 'J')
INSERT dbo.LeaveRequest(leaveRequestId, staffId, leaveDate, type, confirmStatus, leaveReason) VALUES (17, 47, '2014-12-19', 3, 1, 'M8R3UJ3UT')
INSERT dbo.LeaveRequest(leaveRequestId, staffId, leaveDate, type, confirmStatus, leaveReason) VALUES (18, 26, '2012-05-19', 4, 0, 'W4')
INSERT dbo.LeaveRequest(leaveRequestId, staffId, leaveDate, type, confirmStatus, leaveReason) VALUES (19, 32, '2005-01-06', 4, 1, 'GC94T8Y6I4O4')
INSERT dbo.LeaveRequest(leaveRequestId, staffId, leaveDate, type, confirmStatus, leaveReason) VALUES (20, 38, '2016-11-27', 2, 2, 'D4TI5977YA7W32')
INSERT dbo.LeaveRequest(leaveRequestId, staffId, leaveDate, type, confirmStatus, leaveReason) VALUES (21, 49, '2017-12-25', 2, 1, 'W37MSGQD0GAU9968U6E49079IP8CA5YFD22PJ0')
INSERT dbo.LeaveRequest(leaveRequestId, staffId, leaveDate, type, confirmStatus, leaveReason) VALUES (22, 28, '2013-01-10', 1, 1, 'S6SG9HB1IAYOY74I8H019H93')
INSERT dbo.LeaveRequest(leaveRequestId, staffId, leaveDate, type, confirmStatus, leaveReason) VALUES (23, 37, '2006-12-26', 5, 2, 'CVUP9XFMJ3OL5KBK4619I1P6ZN4MB6')
INSERT dbo.LeaveRequest(leaveRequestId, staffId, leaveDate, type, confirmStatus, leaveReason) VALUES (24, 13, '2016-12-15', 4, 1, 'C7R1O5Z3258T73994W1OW0S6CR7')
INSERT dbo.LeaveRequest(leaveRequestId, staffId, leaveDate, type, confirmStatus, leaveReason) VALUES (25, 32, '2009-04-10', 4, 1, 'F9K95E51K890H5')
INSERT dbo.LeaveRequest(leaveRequestId, staffId, leaveDate, type, confirmStatus, leaveReason) VALUES (26, 25, '2005-03-16', 2, 2, 'VZYK7HSME8OI7362C02BGXF5W092')
INSERT dbo.LeaveRequest(leaveRequestId, staffId, leaveDate, type, confirmStatus, leaveReason) VALUES (27, 49, '2005-06-30', 2, 1, 'N75X2EG4')
INSERT dbo.LeaveRequest(leaveRequestId, staffId, leaveDate, type, confirmStatus, leaveReason) VALUES (28, 6, '2006-06-23', 5, 0, 'WB55S357Z3YCD4VB1H65C')
INSERT dbo.LeaveRequest(leaveRequestId, staffId, leaveDate, type, confirmStatus, leaveReason) VALUES (29, 4, '2019-08-20', 3, 1, 'G')
INSERT dbo.LeaveRequest(leaveRequestId, staffId, leaveDate, type, confirmStatus, leaveReason) VALUES (30, 6, '2013-09-19', 3, 1, 'ZJF4E8SN')
INSERT dbo.LeaveRequest(leaveRequestId, staffId, leaveDate, type, confirmStatus, leaveReason) VALUES (31, 20, '2007-12-19', 3, 1, '669FI8Y4L5J395J1Z922EQ')
INSERT dbo.LeaveRequest(leaveRequestId, staffId, leaveDate, type, confirmStatus, leaveReason) VALUES (32, 1, '2011-07-31', 3, 2, '8')
INSERT dbo.LeaveRequest(leaveRequestId, staffId, leaveDate, type, confirmStatus, leaveReason) VALUES (33, 44, '2010-03-28', 5, 2, '3WFYMJ885LD40U5WGGATH0E4Q82EA06Q82600546K00J7X')
INSERT dbo.LeaveRequest(leaveRequestId, staffId, leaveDate, type, confirmStatus, leaveReason) VALUES (34, 12, '2017-06-29', 4, 0, '9N043KH6V106U39JL6N0')
INSERT dbo.LeaveRequest(leaveRequestId, staffId, leaveDate, type, confirmStatus, leaveReason) VALUES (35, 4, '2006-11-01', 4, 1, 'F6K3D68QZETO0E640I5RWK5715MS744EP')
INSERT dbo.LeaveRequest(leaveRequestId, staffId, leaveDate, type, confirmStatus, leaveReason) VALUES (36, 37, '2005-02-14', 5, 0, '7U2S2J6930')
INSERT dbo.LeaveRequest(leaveRequestId, staffId, leaveDate, type, confirmStatus, leaveReason) VALUES (37, 45, '2013-01-21', 4, 0, '82T')
INSERT dbo.LeaveRequest(leaveRequestId, staffId, leaveDate, type, confirmStatus, leaveReason) VALUES (38, 4, '2008-06-25', 2, 2, '12')
INSERT dbo.LeaveRequest(leaveRequestId, staffId, leaveDate, type, confirmStatus, leaveReason) VALUES (39, 31, '2006-07-02', 1, 2, 'TMTBH9A')
INSERT dbo.LeaveRequest(leaveRequestId, staffId, leaveDate, type, confirmStatus, leaveReason) VALUES (40, 20, '2015-09-20', 1, 2, '434I9STO7JX2804')
INSERT dbo.LeaveRequest(leaveRequestId, staffId, leaveDate, type, confirmStatus, leaveReason) VALUES (41, 44, '2013-06-15', 3, 2, '2NQ')
INSERT dbo.LeaveRequest(leaveRequestId, staffId, leaveDate, type, confirmStatus, leaveReason) VALUES (42, 1, '2005-02-23', 2, 1, '0230LN8J1KS200DCG')
INSERT dbo.LeaveRequest(leaveRequestId, staffId, leaveDate, type, confirmStatus, leaveReason) VALUES (43, 27, '2006-01-18', 2, 2, '38E8HU394QRXMQRK04Y35U')
INSERT dbo.LeaveRequest(leaveRequestId, staffId, leaveDate, type, confirmStatus, leaveReason) VALUES (44, 40, '2005-09-01', 5, 1, '835')
INSERT dbo.LeaveRequest(leaveRequestId, staffId, leaveDate, type, confirmStatus, leaveReason) VALUES (45, 37, '2016-12-05', 3, 2, 'W2')
INSERT dbo.LeaveRequest(leaveRequestId, staffId, leaveDate, type, confirmStatus, leaveReason) VALUES (46, 31, '2005-08-22', 1, 2, 'Z8F091XS38H2YA29QV7Z6SV89')
INSERT dbo.LeaveRequest(leaveRequestId, staffId, leaveDate, type, confirmStatus, leaveReason) VALUES (47, 25, '2013-01-23', 3, 2, 'YH42822F8W81S320B2GVU94L9G124N4642P0614N6UVN1AO446GC00LX2EMU584OI438KL1F0QDYSP9EC9M5LGUFI4G1P95745')
INSERT dbo.LeaveRequest(leaveRequestId, staffId, leaveDate, type, confirmStatus, leaveReason) VALUES (48, 14, '2017-03-09', 1, 2, 'VR4T1892718T8NB')
INSERT dbo.LeaveRequest(leaveRequestId, staffId, leaveDate, type, confirmStatus, leaveReason) VALUES (49, 36, '2009-01-14', 5, 2, 'H')
INSERT dbo.LeaveRequest(leaveRequestId, staffId, leaveDate, type, confirmStatus, leaveReason) VALUES (50, 12, '2011-01-15', 3, 1, '20ES88L80G16958FT6W5D6YP869EO337332O3LN0JFB0K2CF5CI6M6XQ96JA368516FIIDZ56H6')
GO

--
-- Inserting data into table dbo.Schedule
--
SET IDENTITY_INSERT dbo.Schedule ON
GO
INSERT dbo.Schedule(scheduleId, staffId, wordDate, startWorkHour, endWorkHour, isHoliday, isWeekend) VALUES (1, 33, '2016-09-03', '04:03:16.5080000', '02:18:31.2740000', 0, 0)
INSERT dbo.Schedule(scheduleId, staffId, wordDate, startWorkHour, endWorkHour, isHoliday, isWeekend) VALUES (2, 37, '2010-03-23', '15:05:25.4220000', '09:34:11.9830000', 0, 0)
INSERT dbo.Schedule(scheduleId, staffId, wordDate, startWorkHour, endWorkHour, isHoliday, isWeekend) VALUES (3, 41, '2016-01-26', '03:13:30.1470000', '20:02:05.2820000', 1, 0)
INSERT dbo.Schedule(scheduleId, staffId, wordDate, startWorkHour, endWorkHour, isHoliday, isWeekend) VALUES (4, 39, '2018-09-03', '10:21:36.0360000', '21:40:49.8280000', 0, 0)
INSERT dbo.Schedule(scheduleId, staffId, wordDate, startWorkHour, endWorkHour, isHoliday, isWeekend) VALUES (5, 38, '2015-07-25', '12:39:23.8530000', '15:41:05.1500000', 0, 0)
INSERT dbo.Schedule(scheduleId, staffId, wordDate, startWorkHour, endWorkHour, isHoliday, isWeekend) VALUES (6, 33, '2015-11-07', '23:52:46.9990000', '22:39:29.7470000', 0, 0)
INSERT dbo.Schedule(scheduleId, staffId, wordDate, startWorkHour, endWorkHour, isHoliday, isWeekend) VALUES (7, 4, '2018-10-23', '13:58:43.8080000', '12:30:06.6400000', 0, 0)
INSERT dbo.Schedule(scheduleId, staffId, wordDate, startWorkHour, endWorkHour, isHoliday, isWeekend) VALUES (8, 15, '2010-01-04', '04:42:59.8180000', '17:02:17.5550000', 0, 0)
INSERT dbo.Schedule(scheduleId, staffId, wordDate, startWorkHour, endWorkHour, isHoliday, isWeekend) VALUES (9, 42, '2014-09-19', '13:57:14.1680000', '01:40:49.7040000', 1, 0)
INSERT dbo.Schedule(scheduleId, staffId, wordDate, startWorkHour, endWorkHour, isHoliday, isWeekend) VALUES (10, 41, '2018-09-02', '09:58:15.0530000', '16:41:12.0150000', 0, 0)
INSERT dbo.Schedule(scheduleId, staffId, wordDate, startWorkHour, endWorkHour, isHoliday, isWeekend) VALUES (11, 31, '2010-03-21', '07:50:59.5880000', '03:30:36.6240000', 0, 0)
INSERT dbo.Schedule(scheduleId, staffId, wordDate, startWorkHour, endWorkHour, isHoliday, isWeekend) VALUES (12, 23, '2012-01-08', '16:02:35.3220000', '11:07:00.0080000', 0, 0)
INSERT dbo.Schedule(scheduleId, staffId, wordDate, startWorkHour, endWorkHour, isHoliday, isWeekend) VALUES (13, 6, '2011-08-18', '18:37:36.7680000', '09:23:57.6950000', 0, 0)
INSERT dbo.Schedule(scheduleId, staffId, wordDate, startWorkHour, endWorkHour, isHoliday, isWeekend) VALUES (14, 29, '2018-05-06', '06:35:41.9210000', '22:02:15.7540000', 0, 0)
INSERT dbo.Schedule(scheduleId, staffId, wordDate, startWorkHour, endWorkHour, isHoliday, isWeekend) VALUES (15, 22, '2018-03-22', '04:43:14.0180000', '22:23:09.3720000', 0, 0)
INSERT dbo.Schedule(scheduleId, staffId, wordDate, startWorkHour, endWorkHour, isHoliday, isWeekend) VALUES (16, 17, '2012-06-14', '16:07:28', '00:55:27.6520000', 0, 0)
INSERT dbo.Schedule(scheduleId, staffId, wordDate, startWorkHour, endWorkHour, isHoliday, isWeekend) VALUES (17, 49, '2016-01-23', '05:18:53.3170000', '23:56:02.7660000', 0, 1)
INSERT dbo.Schedule(scheduleId, staffId, wordDate, startWorkHour, endWorkHour, isHoliday, isWeekend) VALUES (18, 16, '2011-02-10', '06:22:00.2860000', '02:45:18.2350000', 0, 0)
INSERT dbo.Schedule(scheduleId, staffId, wordDate, startWorkHour, endWorkHour, isHoliday, isWeekend) VALUES (19, 25, '2011-12-22', '18:32:55.5590000', '10:53:40.9020000', 0, 0)
INSERT dbo.Schedule(scheduleId, staffId, wordDate, startWorkHour, endWorkHour, isHoliday, isWeekend) VALUES (20, 47, '2010-05-03', '15:41:53.1490000', '00:26:42.0200000', 0, 0)
INSERT dbo.Schedule(scheduleId, staffId, wordDate, startWorkHour, endWorkHour, isHoliday, isWeekend) VALUES (21, 1, '2018-03-21', '17:52:18.5500000', '08:38:15.9710000', 1, 0)
INSERT dbo.Schedule(scheduleId, staffId, wordDate, startWorkHour, endWorkHour, isHoliday, isWeekend) VALUES (22, 7, '2011-05-04', '11:47:01.0770000', '10:17:32.1580000', 1, 0)
INSERT dbo.Schedule(scheduleId, staffId, wordDate, startWorkHour, endWorkHour, isHoliday, isWeekend) VALUES (23, 32, '2010-01-02', '04:24:15.7200000', '09:41:52.4990000', 0, 0)
INSERT dbo.Schedule(scheduleId, staffId, wordDate, startWorkHour, endWorkHour, isHoliday, isWeekend) VALUES (24, 21, '2013-06-28', '18:27:45.0690000', '21:10:08.7750000', 0, 0)
INSERT dbo.Schedule(scheduleId, staffId, wordDate, startWorkHour, endWorkHour, isHoliday, isWeekend) VALUES (25, 45, '2010-02-01', '11:27:34.3920000', '12:52:34.0090000', 0, 0)
INSERT dbo.Schedule(scheduleId, staffId, wordDate, startWorkHour, endWorkHour, isHoliday, isWeekend) VALUES (26, 30, '2010-03-11', '00:16:55.0090000', '08:29:29.5490000', 0, 0)
INSERT dbo.Schedule(scheduleId, staffId, wordDate, startWorkHour, endWorkHour, isHoliday, isWeekend) VALUES (27, 49, '2019-03-29', '16:58:04.1350000', '14:28:23.2540000', 0, 0)
INSERT dbo.Schedule(scheduleId, staffId, wordDate, startWorkHour, endWorkHour, isHoliday, isWeekend) VALUES (28, 31, '2012-08-29', '18:56:05.9190000', '21:36:43.4950000', 0, 0)
INSERT dbo.Schedule(scheduleId, staffId, wordDate, startWorkHour, endWorkHour, isHoliday, isWeekend) VALUES (29, 32, '2016-09-14', '12:37:56.0090000', '00:31:27.6340000', 1, 0)
INSERT dbo.Schedule(scheduleId, staffId, wordDate, startWorkHour, endWorkHour, isHoliday, isWeekend) VALUES (30, 37, '2015-02-24', '12:49:28.0410000', '21:33:16.6360000', 0, 0)
INSERT dbo.Schedule(scheduleId, staffId, wordDate, startWorkHour, endWorkHour, isHoliday, isWeekend) VALUES (31, 32, '2015-10-23', '06:47:10.3710000', '00:34:49.6100000', 0, 0)
INSERT dbo.Schedule(scheduleId, staffId, wordDate, startWorkHour, endWorkHour, isHoliday, isWeekend) VALUES (32, 19, '2016-05-06', '04:44:41.4370000', '04:30:00.6790000', 0, 1)
INSERT dbo.Schedule(scheduleId, staffId, wordDate, startWorkHour, endWorkHour, isHoliday, isWeekend) VALUES (33, 38, '2014-09-14', '08:12:09.1440000', '20:14:06.1900000', 0, 0)
INSERT dbo.Schedule(scheduleId, staffId, wordDate, startWorkHour, endWorkHour, isHoliday, isWeekend) VALUES (34, 31, '2012-07-10', '20:52:47.5080000', '07:00:03.0060000', 0, 0)
INSERT dbo.Schedule(scheduleId, staffId, wordDate, startWorkHour, endWorkHour, isHoliday, isWeekend) VALUES (35, 25, '2012-11-01', '11:44:14.9220000', '06:35:09.0200000', 0, 0)
INSERT dbo.Schedule(scheduleId, staffId, wordDate, startWorkHour, endWorkHour, isHoliday, isWeekend) VALUES (36, 42, '2011-05-28', '07:30:29.2050000', '01:49:54.1570000', 0, 0)
INSERT dbo.Schedule(scheduleId, staffId, wordDate, startWorkHour, endWorkHour, isHoliday, isWeekend) VALUES (37, 4, '2010-01-21', '22:30:46.9880000', '13:21:16.0610000', 0, 0)
INSERT dbo.Schedule(scheduleId, staffId, wordDate, startWorkHour, endWorkHour, isHoliday, isWeekend) VALUES (38, 37, '2016-06-29', '14:41:53.5530000', '21:12:45.6870000', 0, 0)
INSERT dbo.Schedule(scheduleId, staffId, wordDate, startWorkHour, endWorkHour, isHoliday, isWeekend) VALUES (39, 24, '2017-11-15', '12:37:12.3380000', '18:26:57.7890000', 0, 1)
INSERT dbo.Schedule(scheduleId, staffId, wordDate, startWorkHour, endWorkHour, isHoliday, isWeekend) VALUES (40, 43, '2010-01-06', '16:24:44.5330000', '14:52:35.0210000', 1, 0)
INSERT dbo.Schedule(scheduleId, staffId, wordDate, startWorkHour, endWorkHour, isHoliday, isWeekend) VALUES (41, 44, '2010-04-09', '19:22:33.4930000', '11:21:10.5040000', 0, 0)
INSERT dbo.Schedule(scheduleId, staffId, wordDate, startWorkHour, endWorkHour, isHoliday, isWeekend) VALUES (42, 44, '2011-05-11', '03:37:28.0030000', '01:44:33.0660000', 0, 0)
INSERT dbo.Schedule(scheduleId, staffId, wordDate, startWorkHour, endWorkHour, isHoliday, isWeekend) VALUES (43, 25, '2010-01-14', '15:42:50.1910000', '23:06:25.8260000', 0, 0)
INSERT dbo.Schedule(scheduleId, staffId, wordDate, startWorkHour, endWorkHour, isHoliday, isWeekend) VALUES (44, 50, '2014-01-22', '16:23:01.8560000', '21:07:59.5060000', 0, 0)
INSERT dbo.Schedule(scheduleId, staffId, wordDate, startWorkHour, endWorkHour, isHoliday, isWeekend) VALUES (45, 50, '2017-06-28', '10:48:08.2870000', '02:05:12.4550000', 0, 0)
INSERT dbo.Schedule(scheduleId, staffId, wordDate, startWorkHour, endWorkHour, isHoliday, isWeekend) VALUES (46, 30, '2012-05-07', '18:42:06.9940000', '04:04:58.3130000', 0, 0)
INSERT dbo.Schedule(scheduleId, staffId, wordDate, startWorkHour, endWorkHour, isHoliday, isWeekend) VALUES (47, 8, '2010-03-18', '11:21:49.1150000', '01:58:01.0980000', 0, 0)
INSERT dbo.Schedule(scheduleId, staffId, wordDate, startWorkHour, endWorkHour, isHoliday, isWeekend) VALUES (48, 37, '2011-06-09', '05:46:22.4330000', '10:12:41.0210000', 0, 0)
INSERT dbo.Schedule(scheduleId, staffId, wordDate, startWorkHour, endWorkHour, isHoliday, isWeekend) VALUES (49, 29, '2016-09-27', '04:29:44.3470000', '23:51:55.4390000', 1, 0)
INSERT dbo.Schedule(scheduleId, staffId, wordDate, startWorkHour, endWorkHour, isHoliday, isWeekend) VALUES (50, 24, '2010-01-27', '03:46:04.0080000', '03:22:32.5790000', 0, 0)
GO
SET IDENTITY_INSERT dbo.Schedule OFF
GO

--
-- Inserting data into table dbo.StaffVacation
--
SET IDENTITY_INSERT dbo.StaffVacation ON
GO
INSERT dbo.StaffVacation(staffVacationId, staffId, maxVacationDay, usedDay) VALUES (1, 3, 7, 3)
INSERT dbo.StaffVacation(staffVacationId, staffId, maxVacationDay, usedDay) VALUES (2, 13, 9, 3)
INSERT dbo.StaffVacation(staffVacationId, staffId, maxVacationDay, usedDay) VALUES (3, 33, 7, 2)
INSERT dbo.StaffVacation(staffVacationId, staffId, maxVacationDay, usedDay) VALUES (4, 39, 10, 2)
INSERT dbo.StaffVacation(staffVacationId, staffId, maxVacationDay, usedDay) VALUES (5, 38, 8, NULL)
INSERT dbo.StaffVacation(staffVacationId, staffId, maxVacationDay, usedDay) VALUES (6, 28, 10, NULL)
INSERT dbo.StaffVacation(staffVacationId, staffId, maxVacationDay, usedDay) VALUES (7, 28, 11, 2)
INSERT dbo.StaffVacation(staffVacationId, staffId, maxVacationDay, usedDay) VALUES (8, 46, 6, 3)
INSERT dbo.StaffVacation(staffVacationId, staffId, maxVacationDay, usedDay) VALUES (9, 28, 6, 3)
INSERT dbo.StaffVacation(staffVacationId, staffId, maxVacationDay, usedDay) VALUES (10, 21, 12, 2)
INSERT dbo.StaffVacation(staffVacationId, staffId, maxVacationDay, usedDay) VALUES (11, 37, 6, 3)
INSERT dbo.StaffVacation(staffVacationId, staffId, maxVacationDay, usedDay) VALUES (12, 20, 10, 1)
INSERT dbo.StaffVacation(staffVacationId, staffId, maxVacationDay, usedDay) VALUES (13, 12, 12, 2)
INSERT dbo.StaffVacation(staffVacationId, staffId, maxVacationDay, usedDay) VALUES (14, 28, 7, 1)
INSERT dbo.StaffVacation(staffVacationId, staffId, maxVacationDay, usedDay) VALUES (15, 20, 9, 2)
INSERT dbo.StaffVacation(staffVacationId, staffId, maxVacationDay, usedDay) VALUES (16, 7, 7, 3)
INSERT dbo.StaffVacation(staffVacationId, staffId, maxVacationDay, usedDay) VALUES (17, 23, NULL, 2)
INSERT dbo.StaffVacation(staffVacationId, staffId, maxVacationDay, usedDay) VALUES (18, 4, NULL, 2)
INSERT dbo.StaffVacation(staffVacationId, staffId, maxVacationDay, usedDay) VALUES (19, 23, 9, 1)
INSERT dbo.StaffVacation(staffVacationId, staffId, maxVacationDay, usedDay) VALUES (20, 2, 7, 2)
INSERT dbo.StaffVacation(staffVacationId, staffId, maxVacationDay, usedDay) VALUES (21, 28, 7, 1)
INSERT dbo.StaffVacation(staffVacationId, staffId, maxVacationDay, usedDay) VALUES (22, 48, 11, 1)
INSERT dbo.StaffVacation(staffVacationId, staffId, maxVacationDay, usedDay) VALUES (23, 32, 8, 2)
INSERT dbo.StaffVacation(staffVacationId, staffId, maxVacationDay, usedDay) VALUES (24, 7, 9, 2)
INSERT dbo.StaffVacation(staffVacationId, staffId, maxVacationDay, usedDay) VALUES (25, 28, 12, 1)
INSERT dbo.StaffVacation(staffVacationId, staffId, maxVacationDay, usedDay) VALUES (26, 43, 8, NULL)
INSERT dbo.StaffVacation(staffVacationId, staffId, maxVacationDay, usedDay) VALUES (27, 30, 8, 3)
INSERT dbo.StaffVacation(staffVacationId, staffId, maxVacationDay, usedDay) VALUES (28, 28, 8, 1)
INSERT dbo.StaffVacation(staffVacationId, staffId, maxVacationDay, usedDay) VALUES (29, 40, 7, 1)
INSERT dbo.StaffVacation(staffVacationId, staffId, maxVacationDay, usedDay) VALUES (30, 30, 11, 1)
INSERT dbo.StaffVacation(staffVacationId, staffId, maxVacationDay, usedDay) VALUES (31, 28, 10, 3)
INSERT dbo.StaffVacation(staffVacationId, staffId, maxVacationDay, usedDay) VALUES (32, 5, 6, 2)
INSERT dbo.StaffVacation(staffVacationId, staffId, maxVacationDay, usedDay) VALUES (33, 36, 10, 1)
INSERT dbo.StaffVacation(staffVacationId, staffId, maxVacationDay, usedDay) VALUES (34, 18, 11, 3)
INSERT dbo.StaffVacation(staffVacationId, staffId, maxVacationDay, usedDay) VALUES (35, 17, NULL, 3)
INSERT dbo.StaffVacation(staffVacationId, staffId, maxVacationDay, usedDay) VALUES (36, 9, 11, 3)
INSERT dbo.StaffVacation(staffVacationId, staffId, maxVacationDay, usedDay) VALUES (37, 26, 9, 2)
INSERT dbo.StaffVacation(staffVacationId, staffId, maxVacationDay, usedDay) VALUES (38, 5, 9, 2)
INSERT dbo.StaffVacation(staffVacationId, staffId, maxVacationDay, usedDay) VALUES (39, 31, 10, 1)
INSERT dbo.StaffVacation(staffVacationId, staffId, maxVacationDay, usedDay) VALUES (40, 45, 9, 2)
INSERT dbo.StaffVacation(staffVacationId, staffId, maxVacationDay, usedDay) VALUES (41, 15, 7, 1)
INSERT dbo.StaffVacation(staffVacationId, staffId, maxVacationDay, usedDay) VALUES (42, 20, 9, 3)
INSERT dbo.StaffVacation(staffVacationId, staffId, maxVacationDay, usedDay) VALUES (43, 49, 10, 1)
INSERT dbo.StaffVacation(staffVacationId, staffId, maxVacationDay, usedDay) VALUES (44, 26, 10, 2)
INSERT dbo.StaffVacation(staffVacationId, staffId, maxVacationDay, usedDay) VALUES (45, 50, NULL, NULL)
INSERT dbo.StaffVacation(staffVacationId, staffId, maxVacationDay, usedDay) VALUES (46, 2, 6, 1)
INSERT dbo.StaffVacation(staffVacationId, staffId, maxVacationDay, usedDay) VALUES (47, 34, 9, 2)
INSERT dbo.StaffVacation(staffVacationId, staffId, maxVacationDay, usedDay) VALUES (48, 34, 6, 1)
INSERT dbo.StaffVacation(staffVacationId, staffId, maxVacationDay, usedDay) VALUES (49, 45, 9, 1)
INSERT dbo.StaffVacation(staffVacationId, staffId, maxVacationDay, usedDay) VALUES (50, 42, 10, 3)
GO
SET IDENTITY_INSERT dbo.StaffVacation OFF
GO

--
-- Inserting data into table dbo.TaskStaff
--
INSERT dbo.TaskStaff(taskId, staffId) VALUES (47, 47)
INSERT dbo.TaskStaff(taskId, staffId) VALUES (9, 9)
INSERT dbo.TaskStaff(taskId, staffId) VALUES (18, 18)
INSERT dbo.TaskStaff(taskId, staffId) VALUES (4, 4)
INSERT dbo.TaskStaff(taskId, staffId) VALUES (28, 28)
INSERT dbo.TaskStaff(taskId, staffId) VALUES (50, 50)
INSERT dbo.TaskStaff(taskId, staffId) VALUES (45, 45)
INSERT dbo.TaskStaff(taskId, staffId) VALUES (48, 48)
INSERT dbo.TaskStaff(taskId, staffId) VALUES (46, 46)
INSERT dbo.TaskStaff(taskId, staffId) VALUES (23, 23)
INSERT dbo.TaskStaff(taskId, staffId) VALUES (13, 13)
INSERT dbo.TaskStaff(taskId, staffId) VALUES (19, 19)
INSERT dbo.TaskStaff(taskId, staffId) VALUES (42, 42)
INSERT dbo.TaskStaff(taskId, staffId) VALUES (14, 14)
INSERT dbo.TaskStaff(taskId, staffId) VALUES (20, 20)
INSERT dbo.TaskStaff(taskId, staffId) VALUES (49, 49)
INSERT dbo.TaskStaff(taskId, staffId) VALUES (15, 15)
INSERT dbo.TaskStaff(taskId, staffId) VALUES (37, 37)
INSERT dbo.TaskStaff(taskId, staffId) VALUES (43, 43)
INSERT dbo.TaskStaff(taskId, staffId) VALUES (21, 21)
INSERT dbo.TaskStaff(taskId, staffId) VALUES (29, 29)
INSERT dbo.TaskStaff(taskId, staffId) VALUES (38, 38)
INSERT dbo.TaskStaff(taskId, staffId) VALUES (10, 10)
INSERT dbo.TaskStaff(taskId, staffId) VALUES (16, 16)
INSERT dbo.TaskStaff(taskId, staffId) VALUES (5, 5)
INSERT dbo.TaskStaff(taskId, staffId) VALUES (11, 11)
INSERT dbo.TaskStaff(taskId, staffId) VALUES (24, 24)
INSERT dbo.TaskStaff(taskId, staffId) VALUES (30, 30)
INSERT dbo.TaskStaff(taskId, staffId) VALUES (25, 25)
INSERT dbo.TaskStaff(taskId, staffId) VALUES (22, 22)
INSERT dbo.TaskStaff(taskId, staffId) VALUES (44, 44)
INSERT dbo.TaskStaff(taskId, staffId) VALUES (6, 6)
INSERT dbo.TaskStaff(taskId, staffId) VALUES (31, 31)
INSERT dbo.TaskStaff(taskId, staffId) VALUES (39, 39)
INSERT dbo.TaskStaff(taskId, staffId) VALUES (26, 26)
INSERT dbo.TaskStaff(taskId, staffId) VALUES (32, 32)
INSERT dbo.TaskStaff(taskId, staffId) VALUES (17, 17)
INSERT dbo.TaskStaff(taskId, staffId) VALUES (12, 12)
INSERT dbo.TaskStaff(taskId, staffId) VALUES (1, 1)
INSERT dbo.TaskStaff(taskId, staffId) VALUES (34, 34)
INSERT dbo.TaskStaff(taskId, staffId) VALUES (40, 40)
INSERT dbo.TaskStaff(taskId, staffId) VALUES (27, 27)
INSERT dbo.TaskStaff(taskId, staffId) VALUES (33, 33)
INSERT dbo.TaskStaff(taskId, staffId) VALUES (7, 7)
INSERT dbo.TaskStaff(taskId, staffId) VALUES (35, 35)
INSERT dbo.TaskStaff(taskId, staffId) VALUES (41, 41)
INSERT dbo.TaskStaff(taskId, staffId) VALUES (36, 36)
INSERT dbo.TaskStaff(taskId, staffId) VALUES (2, 2)
INSERT dbo.TaskStaff(taskId, staffId) VALUES (8, 8)
INSERT dbo.TaskStaff(taskId, staffId) VALUES (3, 3)
GO

--
-- Set NOEXEC to off
--

SET NOEXEC OFF
GO